<keymap version="1" name="macOS copy" parent="Mac OS X 10.5+">
  <action id="CommentByLineComment">
    <keyboard-shortcut first-keystroke="meta slash" />
    <keyboard-shortcut first-keystroke="meta divide" />
    <keyboard-shortcut first-keystroke="shift meta 7" />
  </action>
  <action id="EditorDownWithSelection" />
  <action id="EditorLeftWithSelection" />
  <action id="EditorRightWithSelection" />
  <action id="EditorUpWithSelection" />
  <action id="GotoTest" />
  <action id="Help.KeymapReference">
    <keyboard-shortcut first-keystroke="shift meta #10000e4" />
  </action>
  <action id="Refactorings.QuickListPopupAction">
    <keyboard-shortcut first-keystroke="shift meta t" />
  </action>
  <action id="Scala.ShowImplicits">
    <keyboard-shortcut first-keystroke="shift ctrl alt equals" />
    <keyboard-shortcut first-keystroke="shift ctrl alt add" />
  </action>
  <action id="ServiceView.ShowServices" />
</keymap>