<application>
  <component name="ProjectManager">
    <defaultProject>
      <component name="AutoImportSettings">
        <option name="autoReloadType" value="SELECTIVE" />
      </component>
      <component name="CopyrightManager">
        <module2copyright>
          <element module="All" copyright="General Copyright" />
        </module2copyright>
        <LanguageOptions name="__TEMPLATE__">
          <option name="addBlankBefore" value="true" />
        </LanguageOptions>
      </component>
      <component name="DiscordProjectSettings">
        <option name="show" value="ASK" />
        <option name="description" value="" />
      </component>
      <component name="ProjectInspectionProfilesVisibleTreeState">
        <entry key="Project Default">
          <profile-state>
            <expanded-state>
              <State />
              <State>
                <id>Abstraction issuesJava</id>
              </State>
              <State>
                <id>Assignment issuesJava</id>
              </State>
              <State>
                <id>Assignment issuesJavaScript and TypeScript</id>
              </State>
              <State>
                <id>CSS</id>
              </State>
              <State>
                <id>CastNumeric issuesJava</id>
              </State>
              <State>
                <id>ClassNaming conventionsJava</id>
              </State>
              <State>
                <id>Code maturityJava</id>
              </State>
              <State>
                <id>Code style issuesJava</id>
              </State>
              <State>
                <id>CodeSpring CoreSpring</id>
              </State>
              <State>
                <id>Compiler issuesJava</id>
              </State>
              <State>
                <id>Control flow issuesJava</id>
              </State>
              <State>
                <id>Data flowGroovy</id>
              </State>
              <State>
                <id>Data flowJava</id>
              </State>
              <State>
                <id>Data flowJavaScript and TypeScript</id>
              </State>
              <State>
                <id>ES2015 migration aidsJavaScript and TypeScript</id>
              </State>
              <State>
                <id>EduTools</id>
              </State>
              <State>
                <id>EmbeddedPerformanceJava</id>
              </State>
              <State>
                <id>GPathGroovy</id>
              </State>
              <State>
                <id>GeneralJavaScript and TypeScript</id>
              </State>
              <State>
                <id>GeneralScala</id>
              </State>
              <State>
                <id>Groovy</id>
              </State>
              <State>
                <id>HTTP Client</id>
              </State>
              <State>
                <id>ImportsJava</id>
              </State>
              <State>
                <id>InitializationJava</id>
              </State>
              <State>
                <id>Java</id>
              </State>
              <State>
                <id>Java 7Java language level migration aidsJava</id>
              </State>
              <State>
                <id>Java 8Java language level migration aidsJava</id>
              </State>
              <State>
                <id>Java language level migration aidsJava</id>
              </State>
              <State>
                <id>JavaScript and TypeScript</id>
              </State>
              <State>
                <id>JavadocJava</id>
              </State>
              <State>
                <id>Kotlin</id>
              </State>
              <State>
                <id>LoggingJava</id>
              </State>
              <State>
                <id>MethodNaming conventionsJava</id>
              </State>
              <State>
                <id>MongoJS</id>
              </State>
              <State>
                <id>Naming conventionsGroovy</id>
              </State>
              <State>
                <id>Naming conventionsJava</id>
              </State>
              <State>
                <id>Naming conventionsJavaScript and TypeScript</id>
              </State>
              <State>
                <id>Numeric issuesJava</id>
              </State>
              <State>
                <id>PerformanceJava</id>
              </State>
              <State>
                <id>Probable bugsGroovy</id>
              </State>
              <State>
                <id>Probable bugsJava</id>
              </State>
              <State>
                <id>Proofreading</id>
              </State>
              <State>
                <id>Redundant constructsKotlin</id>
              </State>
              <State>
                <id>Resource managementJava</id>
              </State>
              <State>
                <id>SQL</id>
              </State>
              <State>
                <id>Scala</id>
              </State>
              <State>
                <id>SecurityJava</id>
              </State>
              <State>
                <id>Spring</id>
              </State>
              <State>
                <id>Spring AOPSpring</id>
              </State>
              <State>
                <id>Spring BootSpring</id>
              </State>
              <State>
                <id>Spring Cloud StreamSpring</id>
              </State>
              <State>
                <id>Spring CoreSpring</id>
              </State>
              <State>
                <id>Spring DataSpring</id>
              </State>
              <State>
                <id>Spring SecuritySpring</id>
              </State>
              <State>
                <id>UI form</id>
              </State>
              <State>
                <id>Unused symbolsJavaScript and TypeScript</id>
              </State>
              <State>
                <id>Verbose or redundant code constructsJava</id>
              </State>
              <State>
                <id>XPath</id>
              </State>
              <State>
                <id>Yaml configsEduTools</id>
              </State>
              <State>
                <id>toString() issuesJava</id>
              </State>
            </expanded-state>
            <selected-state>
              <State>
                <id>Angular</id>
              </State>
            </selected-state>
          </profile-state>
        </entry>
      </component>
      <component name="ProjectViewState">
        <option name="showLibraryContents" value="true" />
      </component>
      <component name="PropertiesComponent">
        <property name="project.structure.last.edited" value="SDK Location" />
        <property name="project.structure.proportion" value="0.17" />
        <property name="project.structure.side.proportion" value="0.0" />
        <property name="settings.editor.selected.configurable" value="preferences.pluginManager" />
      </component>
      <component name="masterDetails">
        <states>
          <state key="Copyright.UI">
            <settings>
              <last-edited>General Copyright</last-edited>
              <splitter-proportions>
                <option name="proportions">
                  <list>
                    <option value="0.2" />
                  </list>
                </option>
              </splitter-proportions>
            </settings>
          </state>
          <state key="ProjectJDKs.UI">
            <settings>
              <last-edited>11</last-edited>
              <splitter-proportions>
                <option name="proportions">
                  <list>
                    <option value="0.2" />
                  </list>
                </option>
              </splitter-proportions>
            </settings>
          </state>
        </states>
      </component>
    </defaultProject>
  </component>
</application>