<code_scheme name="Default" version="173">
  <JetCodeStyleSettings>
    <option name="ALLOW_TRAILING_COMMA" value="true" />
    <option name="CODE_STYLE_DEFAULTS" value="KOTLIN_OFFICIAL" />
  </JetCodeStyleSettings>
  <ScalaCodeStyleSettings>
    <option name="alwaysUsedImports">
      <array>
        <option value="scala.io.StdIn" />
      </array>
    </option>
    <option name="MULTILINE_STRING_CLOSING_QUOTES_ON_NEW_LINE" value="true" />
  </ScalaCodeStyleSettings>
  <codeStyleSettings language="kotlin">
    <option name="CODE_STYLE_DEFAULTS" value="KOTLIN_OFFICIAL" />
  </codeStyleSettings>
</code_scheme>